username,password,firstname,lastname,email,course1,role1
us_001,Usuario.001,Esmeralda,Garcia,correo1@gmail.com,CURSOEJEMPLO1,student
us_002,Usuario.002,Alan,Jimenez,correo2@gmail.com,CURSOEJEMPLO1,student
us_003,Usuario.003,Carlos,Guzman,correo3@gmail.com,CURSOEJEMPLO1,student
us_004,Usuario.004,Josue,Montalvan,correo4@gmail.com,CURSOEJEMPLO1,student
us_005,Usuario.005,Ninfa,Guerrero,correo5@gmail.com,CURSOEJEMPLO1,student
us_006,Usuario.006,Jonathan,Valdez,correo6@gmail.com,CURSOEJEMPLO1,student
us_007,Usuario.007,Catalina,Paz,correo7@gmail.com,CURSOEJEMPLO1,student
us_008,Usuario.008,Lizeth,Guzman,correo8@gmail.com,CURSOEJEMPLO1,student
us_009,Usuario.009,Claudio,Arenas,correo9@gmail.com,CURSOEJEMPLO1,student
us_010,Usuario.010,Yaneth,Vega,correo10@gmail.com,CURSOEJEMPLO1,student
us_011,Usuario.011,Miriam,Sanchez,correo11@gmail.com,CURSOEJEMPLO1,student
us_012,Usuario.012,Abel,Pintor,correo12@gmail.com,CURSOEJEMPLO1,student
us_013,Usuario.013,Ernesto,Garcia,correo13@gmail.com,CURSOEJEMPLO1,student
us_014,Usuario.014,Andres,Arroyo,correo14@gmail.com,CURSOEJEMPLO1,student
us_015,Usuario.015,Joel,Gil,correo15@gmail.com,CURSOEJEMPLO1,student
us_016,Usuario.016,Leonardo,Martinez,correo16@gmail.com,CURSOEJEMPLO1,student
us_017,Usuario.017,Edgar ,Vieyra,correo17@gmail.com,CURSOEJEMPLO1,student
us_018,Usuario.018,Jorge,Paniagua,correo18@gmail.com,CURSOEJEMPLO1,student
us_019,Usuario.019,Francisco,Leyva,correo19@gmail.com,CURSOEJEMPLO1,student
us_020,Usuario.020,Angel,Hernandez,correo20@gmail.com,CURSOEJEMPLO1,student
us_021,Usuario.021,Marco,Calderon,correo21@gmail.com,CURSOEJEMPLO1,student
us_022,Usuario.022,Misael,Moreno,correo22@gmail.com,CURSOEJEMPLO1,student
us_023,Usuario.023,Alfonso,Cervantes,correo23@gmail.com,CURSOEJEMPLO1,student
us_024,Usuario.024,Brayan,Garcia,correo24@gmail.com,CURSOEJEMPLO1,student
us_025,Usuario.025,Esmeralda,Garcia,correo25@gmail.com,CURSOEJEMPLO1,student
us_026,Usuario.026,Alan,Jimenez,correo26@gmail.com,CURSOEJEMPLO2,student
us_027,Usuario.027,Carlos,Guzman,correo27@gmail.com,CURSOEJEMPLO2,student
us_028,Usuario.028,Josue,Montalvan,correo28@gmail.com,CURSOEJEMPLO2,student
us_029,Usuario.029,Ninfa,Guerrero,correo29@gmail.com,CURSOEJEMPLO2,student
us_030,Usuario.030,Jonathan,Valdez,correo30@gmail.com,CURSOEJEMPLO2,student
us_031,Usuario.031,Catalina,Paz,correo31@gmail.com,CURSOEJEMPLO2,student
us_032,Usuario.032,Lizeth,Guzman,correo32@gmail.com,CURSOEJEMPLO2,student
us_033,Usuario.033,Claudio,Arenas,correo33@gmail.com,CURSOEJEMPLO2,student
us_034,Usuario.034,Yaneth,Vega,correo34@gmail.com,CURSOEJEMPLO2,student
us_035,Usuario.035,Miriam,Sanchez,correo35@gmail.com,CURSOEJEMPLO2,student
us_036,Usuario.036,Abel,Pintor,correo36@gmail.com,CURSOEJEMPLO2,student
us_037,Usuario.037,Ernesto,Garcia,correo37@gmail.com,CURSOEJEMPLO2,student
us_038,Usuario.038,Andres,Arroyo,correo38@gmail.com,CURSOEJEMPLO2,student
us_039,Usuario.039,Joel,Gil,correo39@gmail.com,CURSOEJEMPLO2,student
us_040,Usuario.040,Leonardo,Martinez,correo40@gmail.com,CURSOEJEMPLO2,student
us_041,Usuario.041,Edgar ,Vieyra,correo41@gmail.com,CURSOEJEMPLO2,student
us_042,Usuario.042,Jorge,Paniagua,correo42@gmail.com,CURSOEJEMPLO2,student
us_043,Usuario.043,Francisco,Leyva,correo43@gmail.com,CURSOEJEMPLO2,student
us_044,Usuario.044,Angel,Hernandez,correo44@gmail.com,CURSOEJEMPLO2,student
us_045,Usuario.045,Marco,Calderon,correo45@gmail.com,CURSOEJEMPLO2,student
us_046,Usuario.046,Misael,Moreno,correo46@gmail.com,CURSOEJEMPLO2,student
us_047,Usuario.047,Alfonso,Cervantes,correo47@gmail.com,CURSOEJEMPLO2,student
us_048,Usuario.048,Brayan,Garcia,correo48@gmail.com,CURSOEJEMPLO2,student
us_049,Usuario.049,Esmeralda,Garcia,correo49@gmail.com,CURSOEJEMPLO2,student
us_050,Usuario.050,Alan,Jimenez,correo50@gmail.com,CURSOEJEMPLO2,student
us_052,Usuario.052,Juan,Pérez,correo51@gmail.com,CURSOEJEMPLO3,student
us_053,Usuario.053,María,García,correo52@gmail.com,CURSOEJEMPLO3,student
us_054,Usuario.054,Antonio,López,correo53@gmail.com,CURSOEJEMPLO3,student
us_055,Usuario.055,Carmen,Martínez,correo54@gmail.com,CURSOEJEMPLO3,student
us_056,Usuario.056,José,Rodríguez,correo55@gmail.com,CURSOEJEMPLO3,student
us_057,Usuario.057,Ana,Sánchez,correo56@gmail.com,CURSOEJEMPLO3,student
us_058,Usuario.058,Manuel,González,correo57@gmail.com,CURSOEJEMPLO3,student
us_059,Usuario.059,Laura,Hernández,correo58@gmail.com,CURSOEJEMPLO3,student
us_060,Usuario.060,Francisco,Díaz,correo59@gmail.com,CURSOEJEMPLO3,student
us_061,Usuario.061,Marta,Pérez,correo60@gmail.com,CURSOEJEMPLO3,student
us_062,Usuario.062,David,Martín,correo61@gmail.com,CURSOEJEMPLO3,student
us_063,Usuario.063,Ana,Jiménez,correo62@gmail.com,CURSOEJEMPLO3,student
us_064,Usuario.064,Javier,Ruiz,correo63@gmail.com,CURSOEJEMPLO3,student
us_065,Usuario.065,Cristina,López,correo64@gmail.com,CURSOEJEMPLO3,student
us_066,Usuario.066,Daniel,Fernández,correo65@gmail.com,CURSOEJEMPLO3,student
us_067,Usuario.067,Patricia,Sánchez,correo66@gmail.com,CURSOEJEMPLO3,student
us_068,Usuario.068,Pedro,Moreno,correo67@gmail.com,CURSOEJEMPLO3,student
us_069,Usuario.069,Eva,Álvarez,correo68@gmail.com,CURSOEJEMPLO3,student
us_070,Usuario.070,Sergio,Romero,correo69@gmail.com,CURSOEJEMPLO3,student
us_071,Usuario.071,Rosa,Gutiérrez,correo70@gmail.com,CURSOEJEMPLO3,student
us_072,Usuario.072,Rubén,Navarro,correo71@gmail.com,CURSOEJEMPLO3,student
us_073,Usuario.073,Nuria,Torres,correo72@gmail.com,CURSOEJEMPLO3,student
us_074,Usuario.074,Miguel,Domínguez,correo73@gmail.com,CURSOEJEMPLO3,student
us_075,Usuario.075,Isabel,Vázquez,correo74@gmail.com,CURSOEJEMPLO3,student
us_076,Usuario.076,Pablo,Rubio,correo75@gmail.com,CURSOEJEMPLO4,student
us_077,Usuario.077,Elena,Morales,correo76@gmail.com,CURSOEJEMPLO4,student
us_078,Usuario.078,Luis,Ortega,correo77@gmail.com,CURSOEJEMPLO4,student
us_079,Usuario.079,Marta,Guerrero,correo78@gmail.com,CURSOEJEMPLO4,student
us_080,Usuario.080,Ángel,Castro,correo79@gmail.com,CURSOEJEMPLO4,student
us_081,Usuario.081,Silvia,Herrera,correo80@gmail.com,CURSOEJEMPLO4,student
us_082,Usuario.082,José Luis,Medina,correo81@gmail.com,CURSOEJEMPLO4,student
us_083,Usuario.083,Cristina,Marín,correo82@gmail.com,CURSOEJEMPLO4,student
us_084,Usuario.084,Pablo,Santos,correo83@gmail.com,CURSOEJEMPLO4,student
us_085,Usuario.085,Marta,Moreno,correo84@gmail.com,CURSOEJEMPLO4,student
us_086,Usuario.086,Manuel,García,correo85@gmail.com,CURSOEJEMPLO4,student
us_087,Usuario.087,Julia,Molina,correo86@gmail.com,CURSOEJEMPLO4,student
us_088,Usuario.088,Carlos,Ortega,correo87@gmail.com,CURSOEJEMPLO4,student
us_089,Usuario.089,Elena,Flores,correo88@gmail.com,CURSOEJEMPLO4,student
us_090,Usuario.090,Iván,Delgado,correo89@gmail.com,CURSOEJEMPLO4,student
us_091,Usuario.091,Carmen,Romero,correo90@gmail.com,CURSOEJEMPLO4,student
us_092,Usuario.092,Sergio,Muñoz,correo91@gmail.com,CURSOEJEMPLO4,student
us_093,Usuario.093,Andrea,Ruiz,correo92@gmail.com,CURSOEJEMPLO4,student
us_094,Usuario.094,Miguel Ángel,Jiménez,correo93@gmail.com,CURSOEJEMPLO4,student
us_095,Usuario.095,Cristina,Ramírez,correo94@gmail.com,CURSOEJEMPLO4,student
us_096,Usuario.096,Francisco,López,correo95@gmail.com,CURSOEJEMPLO4,student
us_097,Usuario.097,Marta,Serrano,correo96@gmail.com,CURSOEJEMPLO4,student
us_098,Usuario.098,Javier,Vidal,correo97@gmail.com,CURSOEJEMPLO4,student
us_099,Usuario.099,María,León,correo98@gmail.com,CURSOEJEMPLO4,student
us_100,Usuario.100,Alberto,Rubio,correo99@gmail.com,CURSOEJEMPLO4,student
us_101,Usuario.101,Carmen,Castro,correo100@gmail.com,CURSOEJEMPLO4,student
us_102,Usuario.102,Emiliano,Castro,correo101@gmail.com,CURSOEJEMPLO4,student
